{
    "credentials": {
        "tenantID": "Enter_the_Tenant_Info_Here",
        "clientID": "Enter_the_Application_Id_Here",
        "clientSecret": "Enter_the_Client_Secret_Here"
    },
    "metadata": {
        "authority": "login.microsoftonline.com",
        "discovery": ".well-known/openid-configuration",
        "version": "v2.0"
    },
    "settings": {
        "validateIssuer": true,
        "passReqToCallback": false,
        "loggingLevel": "info"
    },
    "protectedResources": {
        "graphAPI": {
            "endpoint": "https://graph.microsoft.com/v1.0/me/memberOf",
            "scopes": [
                "User.Read",
                "GroupMember.Read.All"
            ]
        }
    },
    "protectedRoutes": {
        "todolist": {
            "endpoint": "/api",
            "scopes": [
                "access_as_user"
            ]
        }
    },
    "accessMatrix": {
        "todolist": {
            "path": "/todolist",
            "methods": [
                "GET",
                "POST",
                "PUT",
                "DELETE"
            ],
            "groups": [
                "Enter_the_Object_Id_of_GroupMember_Group_Here",
                "Enter_the_Object_Id_of_GroupAdmin_Group_Here"
            ]
        },
        "dashboard": {
            "path": "/dashboard",
            "methods": [
                "GET"
            ],
            "groups": [
                "Enter_the_Object_Id_of_GroupAdmin_Group_Here"
            ]
        }
    }
}