{
    "routes": [
        {
            "route": "/*",
            "serve": "/index.html",
            "statusCode": 200
        }
    ],
    "platformErrorOverrides": [
        {
            "errorType": "NotFound",
            "serve": "/index.html"
        },
        {
            "errorType": "Unauthenticated",
            "statusCode": "302",
            "serve": "/"
        }
    ],
    "defaultHeaders": {
        "content-security-policy": "default-src https: 'unsafe-eval' 'unsafe-inline'; object-src 'none'"
    },
    "mimeTypes": {
        "custom": "text/html"
    }
}